Customer_ID,Join_Date,Last_Active_Date,Tenure_Months,Monthly_Revenue,Total_Revenue,Subscription_Type,Region,Churned
CUST_0001,2022-09-01,2024-12-31,24,20,480,Basic,West,No
CUST_0002,2022-10-25,2024-12-31,19,50,950,Standard,North,No
CUST_0003,2021-09-01,2024-12-31,3,30,90,Standard,South,No
CUST_0004,2021-03-09,2024-12-31,19,30,570,Basic,West,No
CUST_0005,2022-07-03,2022-10-01,3,60,180,Standard,East,Yes
CUST_0006,2022-09-24,2024-12-31,19,30,570,Standard,West,No
CUST_0007,2021-07-08,2023-10-26,28,50,1400,Standard,East,Yes
CUST_0008,2022-01-26,2024-12-31,23,50,1150,Premium,South,No
CUST_0009,2021-11-27,2024-12-31,20,30,600,Basic,North,No
CUST_0010,2021-11-05,2024-12-31,6,50,300,Standard,East,No
CUST_0011,2022-06-23,2023-03-20,9,50,450,Standard,East,Yes
CUST_0012,2021-08-28,2024-12-31,23,50,1150,Premium,South,No
CUST_0013,2022-12-29,2024-12-31,28,60,1680,Standard,West,No
CUST_0014,2021-10-25,2021-12-24,2,50,100,Standard,South,Yes
CUST_0015,2022-12-17,2024-12-31,21,60,1260,Premium,South,No
CUST_0016,2021-01-24,2024-12-31,6,30,180,Standard,South,No
CUST_0017,2022-03-02,2024-12-31,3,60,180,Basic,West,No
CUST_0018,2021-04-08,2024-12-31,29,40,1160,Standard,West,No
CUST_0019,2021-06-26,2024-12-31,14,20,280,Standard,South,No
CUST_0020,2021-04-26,2024-12-31,21,10,210,Premium,North,No
CUST_0021,2022-10-07,2024-12-31,14,40,560,Basic,East,No
CUST_0022,2022-02-02,2022-12-29,11,30,330,Premium,East,Yes
CUST_0023,2022-02-19,2022-03-21,1,30,30,Premium,South,Yes
CUST_0024,2022-05-07,2024-12-31,20,10,200,Standard,North,No
CUST_0025,2021-08-08,2024-12-31,10,10,100,Premium,South,No
CUST_0026,2023-06-13,2024-12-31,5,20,100,Premium,South,No
CUST_0027,2022-09-30,2024-12-31,33,30,990,Standard,North,No
CUST_0028,2021-07-02,2024-12-31,14,60,840,Premium,East,No
CUST_0029,2021-09-10,2024-12-31,34,10,340,Basic,South,No
CUST_0030,2022-10-11,2025-07-27,34,40,1360,Basic,South,Yes
CUST_0031,2023-05-08,2024-12-31,36,50,1800,Basic,South,No
CUST_0032,2021-08-09,2024-12-31,10,40,400,Basic,West,No
CUST_0033,2021-01-26,2022-10-18,21,50,1050,Standard,North,Yes
CUST_0034,2022-08-28,2024-12-31,11,50,550,Basic,South,No
CUST_0035,2021-12-25,2024-12-31,8,20,160,Premium,North,No
CUST_0036,2022-06-27,2024-12-31,30,60,1800,Premium,East,No
CUST_0037,2022-06-26,2024-12-31,3,10,30,Standard,North,No
CUST_0038,2021-02-08,2022-10-31,21,60,1260,Basic,East,Yes
CUST_0039,2022-07-20,2024-12-31,11,50,550,Premium,North,No
CUST_0040,2022-02-21,2024-12-31,26,50,1300,Standard,South,No
CUST_0041,2023-06-20,2024-09-12,15,60,900,Premium,East,Yes
CUST_0042,2022-09-03,2024-12-31,20,50,1000,Standard,East,No
CUST_0043,2022-05-31,2024-06-19,25,60,1500,Premium,North,Yes
CUST_0044,2023-03-12,2024-12-31,23,50,1150,Premium,North,No
CUST_0045,2023-07-24,2024-12-31,11,30,330,Basic,West,No
CUST_0046,2023-08-05,2024-12-31,35,60,2100,Standard,North,No
CUST_0047,2023-05-24,2024-12-31,28,50,1400,Basic,North,No
CUST_0048,2021-09-18,2024-12-31,10,10,100,Standard,North,No
CUST_0049,2023-01-18,2024-12-31,16,10,160,Basic,North,No
CUST_0050,2023-09-19,2024-12-31,16,60,960,Premium,West,No
CUST_0051,2022-01-01,2024-12-31,8,30,240,Basic,North,No
CUST_0052,2022-09-08,2024-12-31,17,10,170,Premium,East,No
CUST_0053,2023-09-19,2024-12-31,10,30,300,Premium,South,No
CUST_0054,2022-03-09,2024-12-31,13,60,780,Premium,East,No
CUST_0055,2022-03-08,2024-12-31,17,60,1020,Basic,East,No
CUST_0056,2022-10-25,2024-12-31,19,10,190,Standard,East,No
CUST_0057,2021-05-13,2022-09-05,16,20,320,Standard,South,Yes
CUST_0058,2021-08-19,2022-01-16,5,20,100,Premium,East,Yes
CUST_0059,2023-01-16,2025-11-01,34,10,340,Basic,South,Yes
CUST_0060,2021-05-11,2024-12-31,21,10,210,Basic,North,No
CUST_0061,2023-03-21,2024-12-31,3,40,120,Basic,East,No
CUST_0062,2023-04-13,2023-06-12,2,10,20,Premium,East,Yes
CUST_0063,2021-12-01,2024-12-31,16,20,320,Basic,North,No
CUST_0064,2022-03-27,2024-12-31,24,10,240,Basic,South,No
CUST_0065,2022-04-29,2024-12-31,11,10,110,Basic,West,No
CUST_0066,2022-08-31,2024-12-31,9,20,180,Basic,North,No
CUST_0067,2023-03-14,2023-10-10,7,50,350,Standard,South,Yes
CUST_0068,2021-04-10,2024-12-31,10,50,500,Standard,East,No
CUST_0069,2023-06-23,2025-05-13,23,10,230,Standard,North,Yes
CUST_0070,2021-11-15,2024-12-31,10,20,200,Premium,North,No
CUST_0071,2021-01-21,2024-12-31,6,60,360,Premium,West,No
CUST_0072,2022-03-21,2024-12-31,36,50,1800,Standard,North,No
CUST_0073,2021-11-28,2023-04-22,17,40,680,Premium,West,Yes
CUST_0074,2022-07-25,2024-12-31,16,20,320,Basic,East,No
CUST_0075,2021-04-17,2024-12-31,18,10,180,Premium,West,No
CUST_0076,2021-05-27,2024-12-31,32,40,1280,Basic,South,No
CUST_0077,2022-06-11,2024-12-31,26,10,260,Standard,North,No
CUST_0078,2023-02-13,2025-01-03,23,10,230,Standard,South,Yes
CUST_0079,2021-10-27,2024-12-31,7,40,280,Premium,North,No
CUST_0080,2022-07-08,2024-11-24,29,50,1450,Basic,West,Yes
CUST_0081,2021-10-24,2024-12-31,32,60,1920,Premium,East,No
CUST_0082,2023-08-25,2024-12-31,5,20,100,Standard,North,No
CUST_0083,2022-09-18,2024-12-31,18,10,180,Basic,West,No
CUST_0084,2022-05-08,2022-06-07,1,10,10,Standard,West,Yes
CUST_0085,2022-05-13,2024-12-31,29,50,1450,Basic,South,No
CUST_0086,2023-02-14,2024-12-31,29,10,290,Standard,East,No
CUST_0087,2022-12-22,2024-12-31,4,30,120,Premium,North,No
CUST_0088,2022-10-31,2024-12-31,4,20,80,Premium,West,No
CUST_0089,2023-03-28,2024-12-31,34,10,340,Premium,South,No
CUST_0090,2023-08-04,2024-12-31,11,60,660,Standard,East,No
CUST_0091,2021-07-28,2021-12-25,5,10,50,Premium,North,Yes
CUST_0092,2023-03-13,2024-12-31,20,40,800,Basic,East,No
CUST_0093,2022-05-15,2024-12-31,9,40,360,Basic,South,No
CUST_0094,2022-01-27,2024-12-31,23,20,460,Standard,South,No
CUST_0095,2021-10-24,2024-12-31,12,20,240,Basic,West,No
CUST_0096,2023-05-21,2024-12-31,6,30,180,Standard,South,No
CUST_0097,2023-08-03,2024-12-31,14,20,280,Standard,North,No
CUST_0098,2022-05-25,2024-12-31,1,20,20,Standard,North,No
CUST_0099,2023-01-11,2023-10-08,9,10,90,Premium,East,Yes
CUST_0100,2022-01-21,2023-03-17,14,40,560,Basic,East,Yes
CUST_0101,2021-06-26,2022-02-21,8,50,400,Premium,South,Yes
CUST_0102,2021-09-17,2024-12-31,7,60,420,Premium,North,No
CUST_0103,2022-01-13,2024-12-31,24,40,960,Basic,East,No
CUST_0104,2023-03-03,2024-12-31,16,60,960,Standard,South,No
CUST_0105,2022-08-27,2024-12-31,11,10,110,Standard,South,No
CUST_0106,2021-07-26,2024-12-31,17,50,850,Standard,West,No
CUST_0107,2021-04-16,2024-12-31,15,30,450,Premium,North,No
CUST_0108,2021-06-23,2024-12-31,36,40,1440,Standard,South,No
CUST_0109,2021-07-16,2024-12-31,17,30,510,Premium,East,No
CUST_0110,2021-07-02,2024-05-17,35,10,350,Premium,North,Yes
CUST_0111,2022-01-17,2024-12-31,33,30,990,Basic,East,No
CUST_0112,2023-06-01,2024-12-31,6,30,180,Premium,South,No
CUST_0113,2021-12-01,2024-12-31,28,30,840,Premium,West,No
CUST_0114,2021-04-28,2024-12-31,28,20,560,Basic,West,No
CUST_0115,2022-10-02,2024-12-31,22,20,440,Premium,West,No
CUST_0116,2023-07-11,2024-12-31,32,50,1600,Basic,North,No
CUST_0117,2022-04-10,2024-12-31,24,10,240,Premium,East,No
CUST_0118,2021-09-29,2024-12-31,15,50,750,Standard,West,No
CUST_0119,2021-04-23,2024-12-31,1,40,40,Standard,North,No
CUST_0120,2023-04-17,2024-12-31,26,60,1560,Basic,South,No
CUST_0121,2023-06-20,2024-12-31,36,50,1800,Standard,West,No
CUST_0122,2021-11-25,2024-12-31,29,40,1160,Premium,North,No
CUST_0123,2021-01-31,2024-12-31,8,20,160,Standard,East,No
CUST_0124,2023-09-05,2024-02-02,5,60,300,Premium,East,Yes
CUST_0125,2022-07-10,2024-12-31,30,60,1800,Basic,North,No
CUST_0126,2022-01-18,2024-12-31,28,60,1680,Premium,South,No
CUST_0127,2023-08-29,2024-12-31,25,20,500,Premium,South,No
CUST_0128,2023-08-25,2024-12-31,1,20,20,Standard,West,No
CUST_0129,2023-04-16,2025-07-04,27,30,810,Basic,East,Yes
CUST_0130,2023-03-04,2024-12-31,29,60,1740,Basic,South,No
CUST_0131,2022-06-28,2024-12-31,32,20,640,Premium,North,No
CUST_0132,2023-02-15,2024-12-31,13,30,390,Basic,West,No
CUST_0133,2023-08-10,2026-07-25,36,60,2160,Premium,South,Yes
CUST_0134,2022-10-10,2024-12-31,26,50,1300,Standard,North,No
CUST_0135,2021-12-08,2024-12-31,3,50,150,Premium,North,No
CUST_0136,2021-01-26,2024-12-31,27,10,270,Basic,South,No
CUST_0137,2021-03-13,2024-12-31,14,60,840,Standard,North,No
CUST_0138,2022-11-28,2024-12-31,35,30,1050,Standard,North,No
CUST_0139,2023-08-18,2024-12-31,27,50,1350,Standard,North,No
CUST_0140,2022-05-01,2024-12-31,23,60,1380,Basic,East,No
CUST_0141,2021-06-21,2024-12-31,29,60,1740,Premium,East,No
CUST_0142,2021-08-17,2021-10-16,2,60,120,Premium,West,Yes
CUST_0143,2022-09-13,2024-12-31,5,60,300,Premium,West,No
CUST_0144,2021-03-17,2024-12-31,31,50,1550,Premium,West,No
CUST_0145,2021-04-16,2024-12-31,15,20,300,Standard,South,No
CUST_0146,2022-07-24,2024-09-11,26,20,520,Premium,East,Yes
CUST_0147,2022-03-19,2024-12-31,22,50,1100,Premium,East,No
CUST_0148,2021-05-31,2024-12-31,10,50,500,Basic,South,No
CUST_0149,2023-09-10,2025-03-03,18,30,540,Basic,South,Yes
CUST_0150,2023-04-19,2024-12-31,14,20,280,Basic,West,No
CUST_0151,2022-04-16,2024-12-31,15,40,600,Basic,West,No
CUST_0152,2022-12-31,2024-12-31,15,50,750,Basic,East,No
CUST_0153,2022-05-01,2025-03-16,35,10,350,Basic,West,Yes
CUST_0154,2022-06-14,2024-12-31,13,30,390,Premium,South,No
CUST_0155,2022-04-26,2024-12-31,30,30,900,Standard,North,No
CUST_0156,2023-06-15,2023-07-15,1,40,40,Premium,South,Yes
CUST_0157,2022-09-06,2024-12-31,33,10,330,Premium,East,No
CUST_0158,2023-01-15,2024-12-31,20,30,600,Basic,South,No
CUST_0159,2021-01-01,2024-12-31,27,50,1350,Premium,South,No
CUST_0160,2022-09-07,2024-12-31,34,30,1020,Basic,East,No
CUST_0161,2022-11-09,2024-12-31,22,20,440,Standard,East,No
CUST_0162,2023-01-10,2024-12-31,5,30,150,Basic,South,No
CUST_0163,2021-04-02,2024-12-31,7,10,70,Standard,West,No
CUST_0164,2022-03-13,2024-12-31,27,30,810,Basic,North,No
CUST_0165,2022-02-11,2023-01-07,11,40,440,Basic,South,Yes
CUST_0166,2022-08-12,2024-12-31,1,20,20,Standard,South,No
CUST_0167,2022-08-12,2024-12-31,29,10,290,Premium,North,No
CUST_0168,2021-03-04,2024-12-31,29,10,290,Premium,West,No
CUST_0169,2021-08-19,2023-01-11,17,20,340,Standard,South,Yes
CUST_0170,2023-01-27,2024-12-31,34,50,1700,Premium,North,No
CUST_0171,2021-07-26,2024-12-31,1,50,50,Premium,South,No
CUST_0172,2023-08-27,2025-07-17,23,20,460,Standard,West,Yes
CUST_0173,2021-03-09,2024-12-31,12,20,240,Premium,East,No
CUST_0174,2022-04-03,2024-12-31,10,20,200,Basic,North,No
CUST_0175,2021-05-04,2024-12-31,27,20,540,Premium,South,No
CUST_0176,2021-06-19,2024-12-31,27,40,1080,Basic,South,No
CUST_0177,2022-07-15,2024-12-31,33,10,330,Premium,South,No
CUST_0178,2023-03-15,2024-12-31,21,40,840,Standard,North,No
CUST_0179,2022-09-15,2024-12-31,30,10,300,Standard,South,No
CUST_0180,2023-05-09,2025-12-24,32,50,1600,Premium,North,Yes
CUST_0181,2022-10-14,2024-12-31,26,10,260,Standard,West,No
CUST_0182,2021-02-15,2021-05-16,3,30,90,Basic,East,Yes
CUST_0183,2023-04-16,2024-12-31,29,40,1160,Standard,West,No
CUST_0184,2021-12-30,2024-12-31,2,10,20,Premium,West,No
CUST_0185,2021-10-12,2024-12-31,11,40,440,Basic,West,No
CUST_0186,2022-07-17,2024-12-31,23,50,1150,Basic,South,No
CUST_0187,2021-05-01,2024-12-31,24,10,240,Standard,East,No
CUST_0188,2021-09-18,2024-12-31,26,20,520,Standard,East,No
CUST_0189,2022-10-10,2024-12-31,10,60,600,Standard,South,No
CUST_0190,2021-12-14,2024-12-31,17,20,340,Premium,East,No
CUST_0191,2023-05-31,2026-03-16,34,30,1020,Standard,West,Yes
CUST_0192,2021-08-13,2024-12-31,33,10,330,Premium,South,No
CUST_0193,2021-03-27,2024-12-31,5,40,200,Premium,South,No
CUST_0194,2022-02-21,2024-12-31,24,20,480,Premium,East,No
CUST_0195,2023-02-22,2024-12-31,30,30,900,Standard,North,No
CUST_0196,2023-02-20,2024-12-31,12,10,120,Premium,South,No
CUST_0197,2021-08-16,2024-12-31,12,40,480,Standard,West,No
CUST_0198,2021-05-11,2024-12-31,34,50,1700,Standard,West,No
CUST_0199,2021-02-08,2024-12-31,30,40,1200,Standard,North,No
CUST_0200,2023-08-25,2024-12-31,9,30,270,Premium,South,No
CUST_0201,2022-04-11,2024-12-31,30,30,900,Basic,South,No
CUST_0202,2022-01-01,2023-10-23,22,30,660,Standard,East,Yes
CUST_0203,2023-03-02,2024-12-31,20,50,1000,Premium,East,No
CUST_0204,2023-07-25,2024-12-31,25,20,500,Premium,West,No
CUST_0205,2022-11-02,2024-12-31,19,50,950,Standard,North,No
CUST_0206,2021-01-07,2021-03-08,2,40,80,Standard,North,Yes
CUST_0207,2022-07-23,2023-10-16,15,20,300,Standard,East,Yes
CUST_0208,2021-04-19,2024-12-31,26,20,520,Premium,South,No
CUST_0209,2023-03-30,2026-01-13,34,10,340,Premium,North,Yes
CUST_0210,2022-09-24,2024-12-31,23,60,1380,Premium,North,No
CUST_0211,2021-01-12,2024-12-31,18,40,720,Standard,East,No
CUST_0212,2022-01-05,2024-12-31,21,50,1050,Basic,North,No
CUST_0213,2023-08-10,2024-12-31,13,20,260,Standard,North,No
CUST_0214,2022-07-17,2024-12-31,12,40,480,Standard,South,No
CUST_0215,2021-09-29,2024-12-31,24,20,480,Basic,South,No
CUST_0216,2021-11-15,2024-12-31,24,20,480,Premium,North,No
CUST_0217,2023-09-11,2024-12-31,31,20,620,Premium,East,No
CUST_0218,2022-07-24,2024-12-31,8,60,480,Premium,North,No
CUST_0219,2021-11-26,2024-12-31,16,30,480,Standard,West,No
CUST_0220,2021-10-16,2024-12-31,10,60,600,Basic,North,No
CUST_0221,2023-07-25,2024-12-31,15,30,450,Basic,South,No
CUST_0222,2021-05-16,2024-12-31,13,30,390,Premium,West,No
CUST_0223,2021-01-28,2022-04-23,15,50,750,Basic,North,Yes
CUST_0224,2021-09-16,2024-12-31,23,10,230,Basic,East,No
CUST_0225,2023-01-03,2024-12-31,24,50,1200,Premium,West,No
CUST_0226,2021-09-09,2024-12-31,10,20,200,Basic,South,No
CUST_0227,2022-11-06,2024-12-31,27,30,810,Standard,North,No
CUST_0228,2023-02-24,2024-12-31,14,30,420,Basic,North,No
CUST_0229,2023-07-08,2024-12-31,15,50,750,Premium,South,No
CUST_0230,2023-06-23,2024-12-31,14,40,560,Premium,East,No
CUST_0231,2023-01-24,2024-12-31,20,50,1000,Standard,North,No
CUST_0232,2022-03-31,2024-12-31,27,60,1620,Standard,South,No
CUST_0233,2021-07-25,2024-12-31,24,60,1440,Standard,North,No
CUST_0234,2022-01-18,2024-12-31,8,30,240,Basic,East,No
CUST_0235,2023-05-08,2024-12-31,26,50,1300,Basic,East,No
CUST_0236,2023-08-23,2024-12-31,8,20,160,Basic,North,No
CUST_0237,2023-01-06,2024-12-31,12,20,240,Basic,East,No
CUST_0238,2021-04-11,2023-05-01,25,60,1500,Basic,North,Yes
CUST_0239,2021-02-24,2024-12-31,28,30,840,Premium,West,No
CUST_0240,2022-03-06,2024-12-31,27,30,810,Standard,South,No
CUST_0241,2021-10-06,2024-12-31,34,50,1700,Premium,South,No
CUST_0242,2022-05-13,2024-12-31,4,40,160,Basic,East,No
CUST_0243,2022-09-06,2024-12-31,31,40,1240,Premium,North,No
CUST_0244,2021-10-25,2024-12-31,6,30,180,Standard,East,No
CUST_0245,2023-02-06,2025-06-25,29,40,1160,Premium,South,Yes
CUST_0246,2021-09-25,2024-12-31,8,30,240,Standard,East,No
CUST_0247,2023-09-06,2024-12-31,10,50,500,Premium,South,No
CUST_0248,2023-04-24,2024-12-31,24,40,960,Premium,North,No
CUST_0249,2023-03-04,2024-12-31,7,40,280,Standard,North,No
CUST_0250,2022-08-10,2024-12-31,33,10,330,Standard,South,No
CUST_0251,2023-07-12,2024-12-31,36,40,1440,Premium,West,No
CUST_0252,2022-07-20,2024-12-31,35,10,350,Premium,West,No
CUST_0253,2021-04-30,2024-12-31,5,20,100,Premium,North,No
CUST_0254,2023-01-29,2024-12-31,32,20,640,Basic,North,No
CUST_0255,2023-03-12,2023-06-10,3,40,120,Standard,West,Yes
CUST_0256,2022-08-20,2024-12-31,32,30,960,Basic,East,No
CUST_0257,2022-09-29,2024-12-31,9,20,180,Basic,East,No
CUST_0258,2021-09-01,2024-12-31,36,30,1080,Basic,East,No
CUST_0259,2022-01-30,2024-12-31,28,10,280,Premium,South,No
CUST_0260,2021-12-13,2023-01-07,13,30,390,Basic,South,Yes
CUST_0261,2022-01-01,2024-12-31,26,30,780,Standard,North,No
CUST_0262,2021-09-25,2024-12-31,34,20,680,Standard,West,No
CUST_0263,2021-04-08,2022-09-30,18,10,180,Basic,East,Yes
CUST_0264,2021-02-11,2024-12-31,18,40,720,Basic,West,No
CUST_0265,2022-01-19,2024-12-31,28,60,1680,Premium,East,No
CUST_0266,2022-08-19,2024-12-31,5,30,150,Standard,East,No
CUST_0267,2022-03-05,2024-12-31,28,60,1680,Standard,North,No
CUST_0268,2022-12-17,2024-12-31,27,40,1080,Basic,North,No
CUST_0269,2023-05-06,2024-12-31,24,50,1200,Basic,West,No
CUST_0270,2023-01-02,2023-02-01,1,40,40,Basic,North,Yes
CUST_0271,2021-04-16,2024-12-31,30,20,600,Standard,West,No
CUST_0272,2021-02-11,2024-12-31,18,40,720,Standard,East,No
CUST_0273,2021-09-22,2024-12-31,26,30,780,Basic,North,No
CUST_0274,2021-09-01,2024-12-31,7,10,70,Premium,South,No
CUST_0275,2021-07-22,2024-12-31,33,20,660,Premium,East,No
CUST_0276,2022-02-07,2024-12-31,30,50,1500,Standard,West,No
CUST_0277,2021-08-21,2024-12-31,9,20,180,Premium,North,No
CUST_0278,2021-06-22,2024-12-31,35,10,350,Basic,North,No
CUST_0279,2022-10-25,2024-12-31,5,40,200,Premium,West,No
CUST_0280,2021-08-22,2024-12-31,7,50,350,Standard,West,No
CUST_0281,2021-07-18,2024-12-31,24,10,240,Premium,West,No
CUST_0282,2023-09-25,2024-12-31,3,20,60,Standard,South,No
CUST_0283,2022-05-24,2024-12-31,29,50,1450,Premium,North,No
CUST_0284,2022-10-24,2025-05-11,31,40,1240,Premium,North,Yes
CUST_0285,2023-06-17,2024-12-31,18,20,360,Standard,West,No
CUST_0286,2023-08-01,2023-12-29,5,60,300,Premium,South,Yes
CUST_0287,2021-12-08,2024-12-31,25,40,1000,Basic,West,No
CUST_0288,2023-08-04,2024-12-31,19,10,190,Standard,North,No
CUST_0289,2022-10-12,2024-12-31,24,50,1200,Basic,East,No
CUST_0290,2022-11-05,2024-12-31,33,60,1980,Basic,West,No
CUST_0291,2023-01-07,2025-04-26,28,20,560,Standard,West,Yes
CUST_0292,2022-07-14,2024-04-04,21,10,210,Standard,North,Yes
CUST_0293,2021-01-24,2024-12-31,17,20,340,Premium,East,No
CUST_0294,2023-05-14,2024-12-31,31,60,1860,Standard,West,No
CUST_0295,2022-06-29,2024-07-18,25,60,1500,Premium,East,Yes
CUST_0296,2022-09-30,2024-12-31,24,30,720,Premium,West,No
CUST_0297,2021-12-30,2024-12-31,11,60,660,Standard,East,No
CUST_0298,2022-02-13,2024-12-31,26,30,780,Basic,East,No
CUST_0299,2022-08-03,2024-12-31,21,30,630,Standard,North,No
CUST_0300,2021-05-20,2023-08-08,27,60,1620,Basic,South,Yes
CUST_0301,2021-04-18,2023-03-09,23,10,230,Premium,South,Yes
CUST_0302,2022-07-02,2024-12-31,10,20,200,Premium,North,No
CUST_0303,2022-09-30,2024-12-31,8,50,400,Premium,South,No
CUST_0304,2022-01-27,2024-12-31,36,10,360,Standard,East,No
CUST_0305,2023-08-05,2024-12-31,26,10,260,Premium,East,No
CUST_0306,2021-05-22,2024-12-31,16,60,960,Basic,North,No
CUST_0307,2022-03-17,2024-12-31,14,40,560,Premium,West,No
CUST_0308,2022-07-09,2024-12-31,33,20,660,Standard,West,No
CUST_0309,2022-08-23,2024-12-31,6,40,240,Basic,East,No
CUST_0310,2021-05-10,2024-12-31,18,20,360,Basic,South,No
CUST_0311,2021-12-03,2024-12-31,21,60,1260,Basic,South,No
CUST_0312,2022-11-29,2024-12-18,25,10,250,Standard,North,Yes
CUST_0313,2023-06-16,2025-07-05,25,30,750,Basic,East,Yes
CUST_0314,2023-04-30,2024-12-31,8,10,80,Standard,South,No
CUST_0315,2023-03-05,2024-12-31,8,10,80,Standard,East,No
CUST_0316,2021-07-23,2024-12-31,6,40,240,Standard,North,No
CUST_0317,2023-07-27,2024-12-31,33,30,990,Basic,South,No
CUST_0318,2021-01-28,2024-12-31,14,30,420,Standard,South,No
CUST_0319,2022-11-19,2023-02-17,3,20,60,Standard,South,Yes
CUST_0320,2021-06-28,2024-12-31,29,30,870,Premium,West,No
CUST_0321,2023-06-28,2024-12-31,28,40,1120,Premium,East,No
CUST_0322,2021-11-10,2024-12-31,11,60,660,Premium,West,No
CUST_0323,2021-01-02,2024-12-31,36,40,1440,Premium,North,No
CUST_0324,2021-05-21,2024-12-31,21,30,630,Standard,South,No
CUST_0325,2023-06-23,2024-12-31,15,30,450,Basic,East,No
CUST_0326,2021-12-24,2024-12-31,23,10,230,Premium,South,No
CUST_0327,2021-06-11,2024-12-31,23,40,920,Premium,North,No
CUST_0328,2021-08-18,2024-12-31,5,10,50,Standard,North,No
CUST_0329,2022-07-06,2024-12-31,35,40,1400,Standard,West,No
CUST_0330,2021-05-19,2024-12-31,30,10,300,Standard,East,No
CUST_0331,2022-12-27,2024-12-31,20,20,400,Basic,East,No
CUST_0332,2022-09-15,2024-12-31,21,40,840,Standard,East,No
CUST_0333,2021-10-13,2024-04-30,31,30,930,Basic,South,Yes
CUST_0334,2021-11-27,2023-04-21,17,60,1020,Standard,South,Yes
CUST_0335,2022-02-17,2024-11-03,33,10,330,Premium,West,Yes
CUST_0336,2021-05-31,2021-10-28,5,30,150,Basic,West,Yes
CUST_0337,2021-04-13,2024-12-31,31,60,1860,Basic,East,No
CUST_0338,2022-10-24,2024-12-31,22,40,880,Premium,South,No
CUST_0339,2021-08-13,2024-12-31,27,10,270,Premium,West,No
CUST_0340,2022-11-04,2024-08-25,22,10,220,Standard,West,Yes
CUST_0341,2022-01-03,2024-12-31,25,40,1000,Standard,West,No
CUST_0342,2021-07-06,2024-12-31,12,20,240,Basic,South,No
CUST_0343,2022-01-05,2024-12-31,35,30,1050,Basic,North,No
CUST_0344,2023-09-08,2024-12-31,21,40,840,Standard,North,No
CUST_0345,2022-09-22,2024-12-31,29,30,870,Premium,East,No
CUST_0346,2023-01-29,2024-12-31,7,20,140,Standard,East,No
CUST_0347,2021-02-18,2024-12-31,22,10,220,Basic,East,No
CUST_0348,2021-10-12,2023-03-06,17,20,340,Premium,East,Yes
CUST_0349,2022-05-31,2024-12-31,3,60,180,Standard,North,No
CUST_0350,2023-07-12,2024-12-31,24,40,960,Standard,West,No
CUST_0351,2021-04-06,2024-12-31,13,60,780,Standard,North,No
CUST_0352,2023-01-12,2024-12-31,30,50,1500,Standard,East,No
CUST_0353,2021-07-17,2024-12-31,1,60,60,Premium,East,No
CUST_0354,2023-05-19,2024-12-31,14,40,560,Standard,East,No
CUST_0355,2022-04-15,2024-07-03,27,20,540,Premium,North,Yes
CUST_0356,2022-11-30,2024-12-31,6,10,60,Standard,East,No
CUST_0357,2022-09-13,2025-05-30,33,40,1320,Premium,East,Yes
CUST_0358,2021-12-07,2024-12-31,21,20,420,Premium,North,No
CUST_0359,2021-07-11,2024-12-31,6,50,300,Standard,North,No
CUST_0360,2022-01-15,2024-12-31,21,50,1050,Premium,South,No
CUST_0361,2021-08-17,2024-12-31,6,40,240,Premium,East,No
CUST_0362,2021-12-30,2024-12-31,14,20,280,Standard,East,No
CUST_0363,2023-09-04,2024-12-31,35,40,1400,Standard,South,No
CUST_0364,2022-07-30,2024-12-31,1,50,50,Basic,West,No
CUST_0365,2023-04-07,2024-12-31,28,60,1680,Basic,East,No
CUST_0366,2023-08-22,2024-12-31,7,50,350,Basic,West,No
CUST_0367,2023-06-04,2024-12-31,15,60,900,Premium,West,No
CUST_0368,2022-08-10,2024-12-31,2,30,60,Standard,South,No
CUST_0369,2021-07-24,2024-12-31,25,10,250,Premium,South,No
CUST_0370,2022-10-03,2024-11-21,26,30,780,Basic,North,Yes
CUST_0371,2022-12-29,2025-11-13,35,50,1750,Standard,South,Yes
CUST_0372,2021-08-15,2022-09-09,13,40,520,Basic,West,Yes
CUST_0373,2022-01-21,2024-02-10,25,40,1000,Standard,East,Yes
CUST_0374,2022-04-10,2024-12-31,31,20,620,Basic,North,No
CUST_0375,2022-01-04,2023-08-27,20,30,600,Standard,East,Yes
CUST_0376,2021-04-01,2024-12-31,13,40,520,Standard,East,No
CUST_0377,2022-02-27,2024-12-31,18,30,540,Premium,North,No
CUST_0378,2023-08-18,2025-05-09,21,10,210,Basic,East,Yes
CUST_0379,2021-06-26,2024-12-31,36,40,1440,Premium,West,No
CUST_0380,2022-11-05,2024-12-31,13,40,520,Basic,West,No
CUST_0381,2022-04-19,2022-06-18,2,30,60,Premium,East,Yes
CUST_0382,2022-09-17,2024-12-31,9,10,90,Premium,West,No
CUST_0383,2021-04-24,2024-12-31,18,30,540,Standard,North,No
CUST_0384,2023-01-17,2024-12-31,26,10,260,Premium,North,No
CUST_0385,2022-03-27,2024-12-31,31,60,1860,Basic,South,No
CUST_0386,2022-09-03,2024-12-31,12,50,600,Premium,North,No
CUST_0387,2021-08-10,2024-12-31,8,10,80,Basic,South,No
CUST_0388,2022-01-25,2024-12-31,24,10,240,Standard,North,No
CUST_0389,2022-11-21,2024-12-31,16,20,320,Standard,West,No
CUST_0390,2022-09-03,2024-12-31,9,20,180,Basic,East,No
CUST_0391,2021-05-26,2024-12-31,29,20,580,Standard,North,No
CUST_0392,2023-06-18,2024-12-31,36,20,720,Premium,East,No
CUST_0393,2022-03-05,2024-12-31,13,20,260,Basic,West,No
CUST_0394,2021-07-15,2024-12-31,22,60,1320,Basic,South,No
CUST_0395,2022-10-24,2024-12-31,36,20,720,Basic,West,No
CUST_0396,2021-04-26,2024-12-31,16,40,640,Basic,East,No
CUST_0397,2021-04-07,2024-12-31,9,60,540,Basic,East,No
CUST_0398,2023-04-26,2024-12-31,35,40,1400,Premium,East,No
CUST_0399,2023-08-20,2024-12-31,15,10,150,Premium,South,No
CUST_0400,2021-05-19,2024-12-31,9,60,540,Premium,East,No
CUST_0401,2023-06-02,2025-07-21,26,20,520,Standard,West,Yes
CUST_0402,2022-08-04,2024-12-31,30,60,1800,Standard,South,No
CUST_0403,2021-07-27,2024-12-31,22,30,660,Basic,West,No
CUST_0404,2022-07-05,2024-12-31,16,20,320,Premium,North,No
CUST_0405,2021-05-20,2024-12-31,10,20,200,Basic,South,No
CUST_0406,2021-10-13,2024-12-31,24,20,480,Premium,North,No
CUST_0407,2021-09-01,2024-12-31,18,60,1080,Basic,East,No
CUST_0408,2021-09-03,2023-01-26,17,40,680,Basic,South,Yes
CUST_0409,2023-05-11,2024-12-31,22,10,220,Premium,East,No
CUST_0410,2022-10-25,2024-06-16,20,50,1000,Basic,East,Yes
CUST_0411,2023-01-15,2024-12-31,1,20,20,Standard,North,No
CUST_0412,2021-08-03,2024-12-31,7,30,210,Premium,South,No
CUST_0413,2022-05-18,2024-12-31,17,40,680,Premium,East,No
CUST_0414,2022-02-06,2024-12-31,15,60,900,Basic,East,No
CUST_0415,2021-03-16,2024-12-31,8,40,320,Standard,South,No
CUST_0416,2021-07-15,2024-12-31,26,30,780,Standard,East,No
CUST_0417,2021-11-11,2024-12-31,29,10,290,Basic,East,No
CUST_0418,2021-08-27,2024-12-31,12,30,360,Standard,South,No
CUST_0419,2021-08-24,2024-12-31,6,10,60,Basic,North,No
CUST_0420,2021-03-07,2024-12-31,35,10,350,Basic,West,No
CUST_0421,2021-08-15,2024-12-31,17,60,1020,Standard,East,No
CUST_0422,2023-01-19,2024-12-31,27,20,540,Basic,West,No
CUST_0423,2021-01-11,2023-01-31,25,30,750,Premium,South,Yes
CUST_0424,2021-05-07,2024-12-31,3,30,90,Standard,East,No
CUST_0425,2023-01-20,2025-09-06,32,20,640,Standard,East,Yes
CUST_0426,2022-02-12,2024-12-31,35,30,1050,Standard,South,No
CUST_0427,2022-09-23,2024-12-31,1,20,20,Basic,North,No
CUST_0428,2021-02-27,2024-12-31,28,10,280,Standard,West,No
CUST_0429,2023-03-23,2024-12-31,32,50,1600,Basic,South,No
CUST_0430,2023-09-19,2024-02-16,5,20,100,Premium,South,Yes
CUST_0431,2022-02-23,2024-03-14,25,10,250,Premium,South,Yes
CUST_0432,2021-02-18,2024-12-31,23,60,1380,Premium,South,No
CUST_0433,2022-08-31,2024-12-31,10,20,200,Basic,West,No
CUST_0434,2022-12-01,2024-07-23,20,10,200,Premium,West,Yes
CUST_0435,2021-07-05,2022-09-28,15,40,600,Premium,South,Yes
CUST_0436,2022-01-07,2024-12-31,7,60,420,Basic,North,No
CUST_0437,2023-03-20,2024-01-14,10,20,200,Premium,South,Yes
CUST_0438,2022-05-15,2024-12-31,19,60,1140,Basic,West,No
CUST_0439,2021-11-20,2024-12-31,23,30,690,Basic,South,No
CUST_0440,2022-08-19,2023-03-17,7,60,420,Standard,South,Yes
CUST_0441,2022-04-09,2024-09-25,30,30,900,Standard,North,Yes
CUST_0442,2021-04-10,2024-12-31,29,60,1740,Premium,West,No
CUST_0443,2022-04-25,2024-12-31,15,30,450,Standard,North,No
CUST_0444,2023-08-07,2024-12-31,16,20,320,Basic,East,No
CUST_0445,2023-01-06,2024-12-31,21,10,210,Basic,South,No
CUST_0446,2021-01-22,2024-12-31,11,30,330,Basic,North,No
CUST_0447,2022-03-06,2024-12-31,29,50,1450,Premium,North,No
CUST_0448,2023-07-11,2024-12-31,14,20,280,Premium,East,No
CUST_0449,2021-09-30,2024-12-31,10,20,200,Basic,South,No
CUST_0450,2022-11-01,2023-10-27,12,10,120,Standard,North,Yes
CUST_0451,2021-09-11,2024-12-31,17,60,1020,Basic,North,No
CUST_0452,2022-08-01,2024-12-31,19,20,380,Premium,East,No
CUST_0453,2022-12-14,2024-12-31,36,20,720,Basic,East,No
CUST_0454,2022-01-24,2024-12-31,32,50,1600,Premium,West,No
CUST_0455,2021-08-30,2022-08-25,12,40,480,Premium,South,Yes
CUST_0456,2023-02-14,2024-12-31,19,20,380,Standard,East,No
CUST_0457,2023-08-16,2024-05-12,9,50,450,Basic,West,Yes
CUST_0458,2021-10-03,2024-12-31,20,40,800,Premium,East,No
CUST_0459,2022-05-30,2025-05-14,36,40,1440,Standard,North,Yes
CUST_0460,2022-04-16,2023-11-07,19,10,190,Premium,North,Yes
CUST_0461,2022-09-19,2024-08-09,23,10,230,Premium,East,Yes
CUST_0462,2022-10-18,2024-12-31,20,60,1200,Premium,North,No
CUST_0463,2021-02-04,2024-12-31,12,40,480,Premium,South,No
CUST_0464,2022-01-18,2024-12-31,30,40,1200,Standard,North,No
CUST_0465,2023-05-17,2024-12-31,12,50,600,Standard,East,No
CUST_0466,2021-04-01,2024-12-31,5,30,150,Standard,North,No
CUST_0467,2022-09-03,2024-12-31,18,10,180,Basic,South,No
CUST_0468,2022-03-24,2024-12-31,8,10,80,Basic,North,No
CUST_0469,2021-03-31,2024-12-31,19,30,570,Premium,South,No
CUST_0470,2023-01-10,2024-12-31,28,60,1680,Premium,North,No
CUST_0471,2022-10-31,2024-01-24,15,40,600,Basic,North,Yes
CUST_0472,2021-03-28,2024-12-31,27,60,1620,Basic,North,No
CUST_0473,2023-03-21,2024-05-14,14,60,840,Standard,East,Yes
CUST_0474,2023-01-02,2024-12-31,32,50,1600,Basic,West,No
CUST_0475,2021-01-27,2024-12-31,15,60,900,Premium,South,No
CUST_0476,2022-03-09,2024-12-31,8,20,160,Premium,North,No
CUST_0477,2022-08-08,2025-04-24,33,60,1980,Standard,East,Yes
CUST_0478,2021-07-18,2024-12-31,19,50,950,Premium,East,No
CUST_0479,2021-11-18,2024-12-31,1,30,30,Basic,South,No
CUST_0480,2022-02-04,2024-12-31,9,30,270,Standard,South,No
CUST_0481,2022-02-12,2024-12-31,18,10,180,Premium,West,No
CUST_0482,2022-03-05,2024-12-31,28,60,1680,Basic,North,No
CUST_0483,2021-03-27,2024-12-31,9,50,450,Basic,South,No
CUST_0484,2023-06-17,2024-12-31,24,40,960,Premium,West,No
CUST_0485,2021-07-20,2024-12-31,30,60,1800,Standard,East,No
CUST_0486,2023-01-15,2024-12-31,27,40,1080,Premium,East,No
CUST_0487,2021-09-22,2022-10-17,13,40,520,Standard,East,Yes
CUST_0488,2022-11-07,2024-12-31,13,30,390,Standard,East,No
CUST_0489,2021-03-18,2024-12-31,35,40,1400,Standard,South,No
CUST_0490,2021-03-13,2024-12-31,32,30,960,Premium,South,No
CUST_0491,2022-06-14,2024-12-31,10,60,600,Basic,North,No
CUST_0492,2021-09-23,2024-12-31,16,50,800,Premium,West,No
CUST_0493,2021-06-28,2024-12-31,25,30,750,Standard,East,No
CUST_0494,2021-03-24,2021-05-23,2,50,100,Basic,South,Yes
CUST_0495,2023-09-18,2024-12-31,6,50,300,Premium,East,No
CUST_0496,2023-08-29,2024-12-31,28,60,1680,Premium,South,No
CUST_0497,2021-07-08,2024-12-31,10,40,400,Basic,West,No
CUST_0498,2022-08-16,2025-01-02,29,20,580,Standard,North,Yes
CUST_0499,2021-09-01,2024-12-31,12,60,720,Premium,North,No
CUST_0500,2022-06-27,2024-12-31,29,40,1160,Basic,East,No
CUST_0501,2023-01-01,2024-12-31,19,10,190,Premium,East,No
CUST_0502,2022-02-19,2024-12-31,28,40,1120,Basic,South,No
CUST_0503,2021-11-30,2024-12-31,26,60,1560,Basic,South,No
CUST_0504,2023-06-30,2024-12-31,32,10,320,Premium,East,No
CUST_0505,2021-03-29,2024-12-31,25,30,750,Basic,West,No
CUST_0506,2022-10-01,2024-12-31,19,60,1140,Basic,East,No
CUST_0507,2023-06-16,2024-12-31,11,50,550,Basic,West,No
CUST_0508,2021-11-07,2024-12-31,16,20,320,Basic,North,No
CUST_0509,2022-10-19,2024-12-31,28,60,1680,Premium,South,No
CUST_0510,2021-05-07,2024-12-31,18,20,360,Standard,West,No
CUST_0511,2023-01-12,2024-12-31,14,10,140,Basic,North,No
CUST_0512,2021-04-16,2024-12-31,2,20,40,Standard,East,No
CUST_0513,2021-01-30,2024-12-31,9,30,270,Standard,North,No
CUST_0514,2023-08-29,2024-12-31,1,40,40,Basic,South,No
CUST_0515,2022-01-29,2024-07-17,30,20,600,Standard,East,Yes
CUST_0516,2021-02-27,2022-05-23,15,10,150,Premium,East,Yes
CUST_0517,2021-04-09,2024-12-31,11,40,440,Standard,South,No
CUST_0518,2021-06-03,2024-12-31,2,50,100,Standard,East,No
CUST_0519,2022-07-25,2024-12-31,8,40,320,Basic,North,No
CUST_0520,2022-12-13,2024-12-31,21,50,1050,Standard,South,No
CUST_0521,2023-04-25,2024-12-31,11,40,440,Basic,South,No
CUST_0522,2021-09-12,2024-12-31,31,20,620,Premium,East,No
CUST_0523,2022-06-04,2024-12-31,19,30,570,Premium,East,No
CUST_0524,2021-01-31,2024-12-31,16,30,480,Premium,East,No
CUST_0525,2023-01-18,2024-12-31,8,40,320,Premium,North,No
CUST_0526,2023-08-20,2024-12-31,25,60,1500,Premium,East,No
CUST_0527,2021-04-05,2024-12-31,36,10,360,Standard,South,No
CUST_0528,2022-05-22,2024-12-31,19,30,570,Standard,South,No
CUST_0529,2022-03-02,2025-02-14,36,20,720,Standard,West,Yes
CUST_0530,2022-12-31,2024-12-31,29,30,870,Standard,West,No
CUST_0531,2023-07-23,2024-12-31,7,10,70,Standard,North,No
CUST_0532,2021-06-12,2024-12-31,23,30,690,Standard,South,No
CUST_0533,2022-02-24,2024-12-31,1,50,50,Premium,North,No
CUST_0534,2023-06-05,2024-12-31,22,50,1100,Premium,South,No
CUST_0535,2023-08-13,2024-12-31,22,50,1100,Basic,West,No
CUST_0536,2021-06-09,2024-12-31,4,20,80,Basic,South,No
CUST_0537,2023-03-24,2024-12-31,29,40,1160,Standard,East,No
CUST_0538,2021-10-26,2024-12-31,11,30,330,Basic,North,No
CUST_0539,2022-08-28,2024-12-31,1,60,60,Standard,South,No
CUST_0540,2021-11-24,2022-01-23,2,30,60,Standard,South,Yes
CUST_0541,2022-12-11,2024-12-31,20,60,1200,Standard,South,No
CUST_0542,2023-01-16,2024-12-31,22,10,220,Basic,North,No
CUST_0543,2021-03-25,2024-12-31,33,20,660,Basic,North,No
CUST_0544,2022-12-26,2024-12-31,21,60,1260,Basic,East,No
CUST_0545,2021-02-20,2024-12-31,33,10,330,Premium,West,No
CUST_0546,2023-08-11,2024-12-31,5,20,100,Premium,West,No
CUST_0547,2022-01-02,2022-03-03,2,50,100,Basic,South,Yes
CUST_0548,2021-11-09,2024-12-31,18,40,720,Standard,West,No
CUST_0549,2022-09-30,2024-12-31,6,60,360,Basic,East,No
CUST_0550,2021-02-15,2024-12-31,28,60,1680,Standard,North,No
CUST_0551,2021-08-03,2024-12-31,8,50,400,Standard,West,No
CUST_0552,2021-10-12,2024-12-31,16,60,960,Basic,West,No
CUST_0553,2021-06-04,2024-12-31,16,40,640,Premium,East,No
CUST_0554,2022-05-26,2024-12-31,16,10,160,Premium,East,No
CUST_0555,2023-06-25,2024-12-31,5,50,250,Premium,North,No
CUST_0556,2023-04-14,2024-12-31,15,60,900,Basic,North,No
CUST_0557,2021-03-04,2021-12-29,10,60,600,Premium,North,Yes
CUST_0558,2021-09-02,2022-12-26,16,10,160,Basic,East,Yes
CUST_0559,2022-09-14,2024-12-31,31,30,930,Premium,West,No
CUST_0560,2021-11-21,2024-12-31,21,50,1050,Standard,East,No
CUST_0561,2021-05-04,2024-12-31,35,30,1050,Standard,North,No
CUST_0562,2022-10-07,2023-01-05,3,40,120,Basic,East,Yes
CUST_0563,2022-03-23,2023-06-16,15,50,750,Standard,West,Yes
CUST_0564,2022-08-07,2022-12-05,4,30,120,Standard,East,Yes
CUST_0565,2023-02-28,2024-12-31,10,60,600,Standard,East,No
CUST_0566,2022-06-22,2024-12-31,23,10,230,Premium,South,No
CUST_0567,2022-07-12,2024-12-31,34,10,340,Standard,East,No
CUST_0568,2023-05-09,2024-12-31,6,40,240,Premium,North,No
CUST_0569,2022-10-04,2024-12-31,36,60,2160,Standard,North,No
CUST_0570,2022-08-15,2024-12-31,32,30,960,Premium,East,No
CUST_0571,2022-10-15,2024-12-31,11,60,660,Premium,East,No
CUST_0572,2023-03-05,2024-12-31,21,40,840,Basic,East,No
CUST_0573,2022-05-08,2024-12-31,31,20,620,Basic,North,No
CUST_0574,2022-03-30,2024-12-31,19,50,950,Basic,South,No
CUST_0575,2021-02-23,2024-12-31,9,40,360,Standard,West,No
CUST_0576,2023-04-12,2024-12-31,36,20,720,Standard,North,No
CUST_0577,2021-10-01,2023-08-22,23,60,1380,Standard,South,Yes
CUST_0578,2022-10-03,2024-12-31,35,30,1050,Basic,South,No
CUST_0579,2023-03-02,2024-12-31,35,60,2100,Standard,South,No
CUST_0580,2021-03-01,2024-12-31,29,20,580,Standard,South,No
CUST_0581,2022-02-10,2024-12-31,29,20,580,Basic,West,No
CUST_0582,2021-12-27,2024-12-31,14,30,420,Premium,North,No
CUST_0583,2023-04-28,2024-12-31,28,60,1680,Standard,East,No
CUST_0584,2021-02-08,2024-12-31,16,20,320,Standard,North,No
CUST_0585,2021-01-24,2024-12-31,12,60,720,Basic,East,No
CUST_0586,2022-11-02,2024-12-31,25,40,1000,Premium,West,No
CUST_0587,2023-06-01,2025-03-22,22,10,220,Premium,North,Yes
CUST_0588,2022-11-24,2024-02-17,15,60,900,Premium,East,Yes
CUST_0589,2023-02-17,2025-04-07,26,10,260,Premium,South,Yes
CUST_0590,2021-08-24,2021-12-22,4,20,80,Standard,South,Yes
CUST_0591,2022-09-14,2024-08-04,23,10,230,Basic,West,Yes
CUST_0592,2022-01-13,2024-12-31,14,50,700,Basic,West,No
CUST_0593,2021-06-25,2024-12-31,9,30,270,Basic,East,No
CUST_0594,2022-01-11,2024-12-31,5,30,150,Standard,North,No
CUST_0595,2023-06-14,2024-12-31,33,30,990,Premium,North,No
CUST_0596,2022-01-08,2024-12-31,1,50,50,Basic,North,No
CUST_0597,2021-01-26,2024-12-31,7,40,280,Standard,East,No
CUST_0598,2022-02-07,2024-12-31,31,30,930,Standard,East,No
CUST_0599,2022-12-20,2024-12-31,10,50,500,Premium,North,No
CUST_0600,2023-07-09,2024-04-04,9,60,540,Premium,North,Yes
CUST_0601,2021-05-18,2024-12-31,24,10,240,Standard,West,No
CUST_0602,2023-02-18,2024-12-31,30,10,300,Premium,West,No
CUST_0603,2023-06-05,2023-07-05,1,60,60,Standard,North,Yes
CUST_0604,2023-06-01,2026-01-16,32,20,640,Standard,North,Yes
CUST_0605,2021-04-17,2023-05-07,25,30,750,Premium,West,Yes
CUST_0606,2021-02-23,2024-12-31,7,40,280,Basic,West,No
CUST_0607,2023-07-31,2024-12-31,36,60,2160,Standard,West,No
CUST_0608,2022-08-05,2024-12-31,6,40,240,Basic,South,No
CUST_0609,2021-02-18,2024-12-31,8,10,80,Premium,West,No
CUST_0610,2021-11-09,2024-12-31,2,50,100,Basic,East,No
CUST_0611,2022-05-17,2025-03-02,34,60,2040,Standard,East,Yes
CUST_0612,2023-04-06,2024-12-31,31,50,1550,Standard,South,No
CUST_0613,2023-09-17,2024-12-31,19,30,570,Standard,South,No
CUST_0614,2021-03-12,2021-12-07,9,40,360,Premium,North,Yes
CUST_0615,2022-06-02,2024-12-31,21,40,840,Premium,North,No
CUST_0616,2022-01-02,2024-12-31,21,30,630,Premium,East,No
CUST_0617,2022-05-02,2022-10-29,6,10,60,Premium,North,Yes
CUST_0618,2023-05-23,2023-08-21,3,10,30,Premium,North,Yes
CUST_0619,2021-01-12,2024-12-31,35,60,2100,Premium,North,No
CUST_0620,2022-10-12,2024-12-31,30,60,1800,Basic,West,No
CUST_0621,2021-03-10,2024-12-31,24,20,480,Premium,East,No
CUST_0622,2022-03-28,2024-12-31,26,60,1560,Basic,West,No
CUST_0623,2023-06-22,2024-12-31,6,50,300,Premium,West,No
CUST_0624,2021-04-03,2024-12-31,35,20,700,Standard,South,No
CUST_0625,2023-09-08,2024-12-31,17,60,1020,Premium,East,No
CUST_0626,2023-03-16,2024-12-31,10,30,300,Premium,South,No
CUST_0627,2021-06-07,2024-12-31,20,10,200,Basic,West,No
CUST_0628,2021-09-11,2024-12-31,16,40,640,Standard,South,No
CUST_0629,2021-07-10,2024-03-26,33,40,1320,Standard,North,Yes
CUST_0630,2022-02-06,2024-12-31,31,40,1240,Basic,South,No
CUST_0631,2021-10-06,2024-12-31,26,10,260,Basic,North,No
CUST_0632,2021-04-02,2024-12-31,23,10,230,Premium,South,No
CUST_0633,2021-12-24,2024-12-31,19,20,380,Standard,East,No
CUST_0634,2022-06-03,2024-12-31,4,50,200,Premium,North,No
CUST_0635,2021-10-11,2023-12-30,27,60,1620,Standard,South,Yes
CUST_0636,2021-06-15,2024-12-31,17,20,340,Basic,East,No
CUST_0637,2023-09-27,2024-12-31,25,40,1000,Premium,South,No
CUST_0638,2021-12-03,2022-04-02,4,10,40,Basic,East,Yes
CUST_0639,2021-10-28,2022-02-25,4,10,40,Standard,North,Yes
CUST_0640,2023-02-17,2024-12-31,36,30,1080,Premium,North,No
CUST_0641,2021-06-04,2022-11-26,18,20,360,Basic,North,Yes
CUST_0642,2021-07-01,2024-12-31,7,40,280,Basic,West,No
CUST_0643,2022-06-26,2022-09-24,3,30,90,Standard,South,Yes
CUST_0644,2022-07-05,2024-12-31,18,40,720,Premium,South,No
CUST_0645,2022-12-20,2024-01-14,13,50,650,Premium,West,Yes
CUST_0646,2021-11-22,2024-12-31,17,50,850,Basic,South,No
CUST_0647,2021-07-13,2024-12-31,18,20,360,Standard,South,No
CUST_0648,2021-01-08,2024-12-31,26,50,1300,Premium,North,No
CUST_0649,2023-06-05,2024-12-31,24,60,1440,Premium,South,No
CUST_0650,2021-03-08,2024-12-31,1,30,30,Basic,South,No
CUST_0651,2021-09-23,2022-05-21,8,20,160,Standard,West,Yes
CUST_0652,2021-02-04,2024-12-31,34,30,1020,Basic,North,No
CUST_0653,2022-10-21,2024-12-31,22,10,220,Premium,West,No
CUST_0654,2021-10-16,2024-12-31,24,50,1200,Standard,East,No
CUST_0655,2021-04-16,2024-12-31,34,30,1020,Standard,West,No
CUST_0656,2022-05-02,2023-04-27,12,40,480,Premium,West,Yes
CUST_0657,2022-12-04,2024-12-31,36,60,2160,Premium,South,No
CUST_0658,2021-07-09,2024-12-31,32,30,960,Premium,East,No
CUST_0659,2021-09-16,2024-12-31,26,20,520,Basic,South,No
CUST_0660,2021-03-30,2024-12-31,12,20,240,Basic,North,No
CUST_0661,2022-10-27,2024-12-31,19,10,190,Basic,South,No
CUST_0662,2021-03-09,2024-12-31,3,40,120,Premium,North,No
CUST_0663,2021-07-11,2024-12-31,31,40,1240,Standard,East,No
CUST_0664,2022-08-08,2024-12-31,7,50,350,Premium,East,No
CUST_0665,2022-05-04,2022-11-30,7,60,420,Basic,West,Yes
CUST_0666,2022-10-30,2024-12-31,23,10,230,Standard,South,No
CUST_0667,2021-01-08,2024-12-31,17,40,680,Premium,East,No
CUST_0668,2022-03-14,2024-12-31,16,40,640,Standard,West,No
CUST_0669,2023-04-06,2024-12-31,13,40,520,Premium,East,No
CUST_0670,2021-10-08,2024-12-31,30,20,600,Basic,South,No
CUST_0671,2022-02-14,2024-12-31,26,50,1300,Basic,South,No
CUST_0672,2021-08-08,2024-12-31,34,40,1360,Basic,East,No
CUST_0673,2022-01-03,2023-01-28,13,60,780,Standard,North,Yes
CUST_0674,2021-09-03,2024-12-31,18,50,900,Standard,East,No
CUST_0675,2022-01-18,2024-12-31,16,20,320,Premium,South,No
CUST_0676,2021-04-06,2024-12-31,12,60,720,Standard,South,No
CUST_0677,2022-11-22,2023-11-17,12,40,480,Basic,South,Yes
CUST_0678,2023-07-26,2024-12-31,3,60,180,Standard,South,No
CUST_0679,2021-11-18,2024-12-31,36,20,720,Basic,West,No
CUST_0680,2022-11-14,2024-12-31,29,40,1160,Standard,West,No
CUST_0681,2023-06-19,2024-12-31,23,60,1380,Standard,South,No
CUST_0682,2021-04-16,2024-12-31,9,50,450,Basic,South,No
CUST_0683,2021-08-09,2024-12-31,32,20,640,Standard,South,No
CUST_0684,2022-01-19,2024-12-31,2,50,100,Basic,North,No
CUST_0685,2022-01-30,2024-12-31,35,10,350,Basic,South,No
CUST_0686,2022-05-18,2024-12-31,28,20,560,Standard,West,No
CUST_0687,2022-11-05,2024-12-31,8,40,320,Premium,North,No
CUST_0688,2022-05-24,2024-12-31,20,10,200,Premium,East,No
CUST_0689,2021-07-18,2024-12-31,26,10,260,Standard,South,No
CUST_0690,2022-12-12,2024-12-31,16,30,480,Premium,North,No
CUST_0691,2022-11-15,2024-12-31,12,40,480,Standard,West,No
CUST_0692,2021-11-29,2024-12-31,28,20,560,Standard,South,No
CUST_0693,2022-06-07,2024-12-31,15,40,600,Premium,South,No
CUST_0694,2022-07-29,2024-12-31,34,30,1020,Basic,East,No
CUST_0695,2021-08-23,2022-07-19,11,10,110,Premium,South,Yes
CUST_0696,2022-06-08,2024-12-31,1,10,10,Standard,South,No
CUST_0697,2022-10-24,2024-12-31,22,20,440,Basic,West,No
CUST_0698,2023-06-11,2024-12-31,36,40,1440,Standard,West,No
CUST_0699,2021-12-29,2024-12-31,15,50,750,Standard,South,No
CUST_0700,2022-01-17,2024-12-31,6,50,300,Standard,East,No
CUST_0701,2021-06-13,2024-12-31,30,10,300,Premium,West,No
CUST_0702,2023-01-18,2026-01-02,36,20,720,Basic,West,Yes
CUST_0703,2022-07-19,2024-12-31,4,10,40,Premium,North,No
CUST_0704,2022-06-25,2023-10-18,16,60,960,Premium,West,Yes
CUST_0705,2023-09-07,2024-08-02,11,20,220,Basic,West,Yes
CUST_0706,2021-11-11,2024-12-31,13,40,520,Standard,West,No
CUST_0707,2021-06-03,2024-12-31,21,10,210,Basic,West,No
CUST_0708,2022-06-22,2024-12-31,29,40,1160,Premium,West,No
CUST_0709,2022-09-24,2024-12-31,35,10,350,Basic,West,No
CUST_0710,2022-05-17,2024-12-31,13,50,650,Basic,North,No
CUST_0711,2021-12-27,2024-12-31,13,50,650,Standard,South,No
CUST_0712,2021-04-19,2024-12-31,24,10,240,Standard,West,No
CUST_0713,2023-07-18,2024-12-31,22,40,880,Premium,East,No
CUST_0714,2022-09-21,2024-12-31,3,20,60,Basic,South,No
CUST_0715,2023-09-24,2024-12-31,26,30,780,Basic,South,No
CUST_0716,2022-09-22,2024-12-31,3,40,120,Standard,East,No
CUST_0717,2023-09-03,2024-12-31,7,10,70,Standard,North,No
CUST_0718,2023-02-04,2024-12-31,30,10,300,Premium,North,No
CUST_0719,2022-11-22,2024-05-15,18,50,900,Basic,East,Yes
CUST_0720,2023-05-08,2024-12-31,11,60,660,Premium,West,No
CUST_0721,2021-08-05,2024-12-31,31,20,620,Premium,East,No
CUST_0722,2023-09-25,2024-12-31,19,10,190,Basic,South,No
CUST_0723,2021-11-25,2021-12-25,1,20,20,Standard,East,Yes
CUST_0724,2022-07-15,2024-12-31,18,30,540,Standard,West,No
CUST_0725,2021-07-03,2024-12-31,10,20,200,Basic,North,No
CUST_0726,2022-03-19,2024-12-31,9,40,360,Standard,East,No
CUST_0727,2022-07-11,2023-07-06,12,20,240,Premium,East,Yes
CUST_0728,2023-08-22,2024-12-31,25,60,1500,Basic,South,No
CUST_0729,2023-04-12,2024-12-31,32,20,640,Standard,East,No
CUST_0730,2023-04-07,2023-09-04,5,50,250,Premium,North,Yes
CUST_0731,2022-11-11,2024-12-31,8,60,480,Standard,West,No
CUST_0732,2022-12-07,2024-12-31,23,20,460,Basic,South,No
CUST_0733,2022-10-16,2024-12-31,26,50,1300,Standard,South,No
CUST_0734,2021-02-06,2024-12-31,22,40,880,Basic,South,No
CUST_0735,2022-10-24,2024-12-31,1,20,20,Premium,East,No
CUST_0736,2023-02-20,2024-12-31,34,30,1020,Premium,North,No
CUST_0737,2021-02-24,2024-12-31,30,60,1800,Premium,North,No
CUST_0738,2021-08-07,2024-12-31,10,20,200,Standard,North,No
CUST_0739,2021-04-08,2024-12-31,14,20,280,Premium,North,No
CUST_0740,2023-07-14,2024-12-31,6,10,60,Basic,East,No
CUST_0741,2022-10-12,2024-12-31,24,30,720,Standard,West,No
CUST_0742,2022-04-14,2024-12-31,9,10,90,Basic,South,No
CUST_0743,2021-06-02,2024-12-31,4,40,160,Premium,West,No
CUST_0744,2021-06-07,2024-12-31,29,60,1740,Premium,North,No
CUST_0745,2021-11-07,2024-12-31,29,40,1160,Premium,North,No
CUST_0746,2022-07-30,2024-12-31,2,40,80,Premium,East,No
CUST_0747,2023-01-23,2024-12-31,10,30,300,Basic,West,No
CUST_0748,2023-08-18,2024-12-31,1,50,50,Standard,East,No
CUST_0749,2022-03-06,2024-12-31,14,20,280,Basic,North,No
CUST_0750,2021-10-15,2024-12-31,11,40,440,Premium,North,No
CUST_0751,2022-02-14,2024-12-30,35,30,1050,Premium,North,Yes
CUST_0752,2023-01-18,2024-12-31,13,20,260,Premium,East,No
CUST_0753,2022-01-05,2024-12-31,16,20,320,Basic,East,No
CUST_0754,2022-03-11,2024-12-31,21,10,210,Basic,East,No
CUST_0755,2022-02-07,2023-02-02,12,50,600,Basic,West,Yes
CUST_0756,2023-08-05,2024-12-31,14,20,280,Basic,West,No
CUST_0757,2021-11-05,2024-12-31,27,50,1350,Basic,South,No
CUST_0758,2022-02-03,2024-12-31,20,10,200,Premium,East,No
CUST_0759,2022-08-11,2024-12-31,33,50,1650,Premium,North,No
CUST_0760,2021-09-24,2024-12-31,9,10,90,Basic,South,No
CUST_0761,2021-07-22,2024-12-31,9,30,270,Premium,West,No
CUST_0762,2021-01-22,2024-12-31,3,20,60,Standard,West,No
CUST_0763,2022-11-06,2024-12-31,20,40,800,Standard,West,No
CUST_0764,2021-05-02,2024-12-31,8,40,320,Premium,West,No
CUST_0765,2021-10-15,2024-01-03,27,40,1080,Premium,West,Yes
CUST_0766,2023-06-28,2024-12-31,30,60,1800,Premium,East,No
CUST_0767,2022-09-17,2024-12-31,32,10,320,Standard,East,No
CUST_0768,2021-11-19,2024-12-31,30,60,1800,Basic,North,No
CUST_0769,2022-01-24,2024-12-31,31,30,930,Premium,East,No
CUST_0770,2021-01-16,2024-12-31,20,30,600,Standard,North,No
CUST_0771,2023-02-13,2024-07-07,17,40,680,Standard,South,Yes
CUST_0772,2021-10-14,2024-12-31,20,50,1000,Premium,East,No
CUST_0773,2023-07-18,2026-03-04,32,30,960,Standard,North,Yes
CUST_0774,2021-03-03,2024-12-31,36,10,360,Basic,South,No
CUST_0775,2022-10-12,2024-12-31,22,30,660,Standard,North,No
CUST_0776,2022-01-23,2023-07-17,18,30,540,Standard,West,Yes
CUST_0777,2022-01-25,2024-12-31,18,60,1080,Premium,South,No
CUST_0778,2021-04-30,2024-12-31,33,10,330,Premium,West,No
CUST_0779,2021-07-27,2024-12-31,3,60,180,Basic,North,No
CUST_0780,2023-04-25,2024-12-31,32,50,1600,Premium,North,No
CUST_0781,2022-03-05,2024-12-31,22,30,660,Premium,East,No
CUST_0782,2022-06-08,2024-12-31,29,50,1450,Standard,West,No
CUST_0783,2021-04-23,2024-12-31,13,60,780,Standard,East,No
CUST_0784,2021-06-18,2024-12-31,6,60,360,Standard,East,No
CUST_0785,2022-12-20,2024-12-31,31,50,1550,Basic,North,No
CUST_0786,2022-03-29,2024-12-31,19,40,760,Basic,East,No
CUST_0787,2023-09-13,2024-12-31,9,50,450,Premium,South,No
CUST_0788,2022-05-18,2024-12-31,22,40,880,Basic,West,No
CUST_0789,2022-06-02,2024-12-31,13,20,260,Standard,North,No
CUST_0790,2021-01-28,2024-12-31,25,20,500,Premium,East,No
CUST_0791,2021-09-08,2024-12-31,33,60,1980,Premium,East,No
CUST_0792,2021-11-19,2024-12-31,17,50,850,Standard,West,No
CUST_0793,2022-05-29,2024-12-31,18,30,540,Premium,West,No
CUST_0794,2023-09-06,2024-12-31,31,10,310,Basic,South,No
CUST_0795,2023-06-28,2024-05-23,11,30,330,Premium,North,Yes
CUST_0796,2023-08-26,2024-12-31,12,60,720,Standard,East,No
CUST_0797,2022-05-30,2024-12-31,36,40,1440,Premium,South,No
CUST_0798,2021-08-02,2024-12-31,17,10,170,Standard,South,No
CUST_0799,2023-05-16,2024-12-31,16,50,800,Standard,West,No
CUST_0800,2023-02-10,2024-12-31,7,40,280,Basic,North,No
CUST_0801,2021-04-13,2024-12-31,20,40,800,Standard,South,No
CUST_0802,2021-05-15,2024-12-31,29,40,1160,Premium,South,No
CUST_0803,2022-10-10,2024-12-31,3,40,120,Premium,West,No
CUST_0804,2023-06-05,2024-12-31,34,30,1020,Standard,North,No
CUST_0805,2022-01-10,2024-12-31,16,10,160,Standard,East,No
CUST_0806,2022-03-02,2024-12-31,13,40,520,Basic,South,No
CUST_0807,2022-12-20,2024-12-31,18,40,720,Standard,South,No
CUST_0808,2021-04-15,2024-12-31,5,40,200,Basic,South,No
CUST_0809,2023-09-22,2024-12-31,36,30,1080,Standard,South,No
CUST_0810,2022-10-16,2022-11-15,1,20,20,Premium,West,Yes
CUST_0811,2023-04-25,2024-12-31,33,20,660,Standard,South,No
CUST_0812,2021-11-20,2024-12-31,28,30,840,Standard,West,No
CUST_0813,2022-10-18,2025-03-06,29,20,580,Basic,South,Yes
CUST_0814,2023-06-27,2024-12-31,3,10,30,Premium,North,No
CUST_0815,2021-09-20,2024-12-31,30,40,1200,Standard,East,No
CUST_0816,2022-01-14,2024-12-31,9,60,540,Premium,North,No
CUST_0817,2021-07-05,2024-12-31,7,10,70,Basic,West,No
CUST_0818,2021-01-13,2024-12-31,10,50,500,Basic,West,No
CUST_0819,2023-05-12,2025-01-31,21,60,1260,Basic,East,Yes
CUST_0820,2023-04-10,2024-12-31,7,40,280,Standard,East,No
CUST_0821,2021-05-06,2024-12-31,11,50,550,Basic,West,No
CUST_0822,2022-06-15,2025-04-30,35,20,700,Premium,East,Yes
CUST_0823,2023-05-21,2024-12-31,34,40,1360,Basic,South,No
CUST_0824,2021-04-23,2024-12-31,26,50,1300,Basic,West,No
CUST_0825,2021-03-06,2024-12-31,11,30,330,Standard,South,No
CUST_0826,2021-11-28,2024-12-31,25,30,750,Basic,South,No
CUST_0827,2021-04-22,2024-12-31,26,40,1040,Standard,South,No
CUST_0828,2021-05-21,2024-12-31,26,60,1560,Basic,North,No
CUST_0829,2023-09-03,2024-12-31,25,30,750,Premium,West,No
CUST_0830,2023-09-23,2024-12-31,13,20,260,Basic,North,No
CUST_0831,2021-01-06,2021-02-05,1,10,10,Premium,North,Yes
CUST_0832,2021-10-16,2024-12-31,17,50,850,Premium,North,No
CUST_0833,2023-03-22,2025-08-08,29,20,580,Basic,South,Yes
CUST_0834,2021-11-17,2024-12-31,30,60,1800,Premium,North,No
CUST_0835,2021-01-27,2024-12-31,28,10,280,Premium,West,No
CUST_0836,2021-01-02,2024-12-31,24,50,1200,Basic,North,No
CUST_0837,2021-04-14,2024-12-31,21,20,420,Premium,South,No
CUST_0838,2021-05-30,2024-12-31,31,20,620,Premium,West,No
CUST_0839,2022-07-01,2024-12-31,14,10,140,Basic,North,No
CUST_0840,2021-11-27,2024-12-31,2,50,100,Basic,South,No
CUST_0841,2022-01-13,2022-04-13,3,20,60,Basic,East,Yes
CUST_0842,2021-02-20,2024-12-31,28,20,560,Standard,East,No
CUST_0843,2021-08-14,2024-12-31,7,20,140,Premium,South,No
CUST_0844,2022-06-21,2024-12-31,32,30,960,Standard,South,No
CUST_0845,2021-02-25,2021-10-23,8,40,320,Standard,West,Yes
CUST_0846,2022-05-01,2024-12-31,19,30,570,Standard,South,No
CUST_0847,2021-01-04,2021-02-03,1,10,10,Standard,East,Yes
CUST_0848,2022-06-06,2024-12-31,20,50,1000,Basic,East,No
CUST_0849,2021-08-14,2024-12-31,36,60,2160,Basic,South,No
CUST_0850,2022-03-19,2024-12-31,31,40,1240,Basic,East,No
CUST_0851,2021-03-30,2022-10-21,19,50,950,Basic,West,Yes
CUST_0852,2022-07-24,2024-12-31,17,50,850,Basic,South,No
CUST_0853,2022-06-10,2022-10-08,4,10,40,Standard,West,Yes
CUST_0854,2022-05-01,2024-12-31,1,30,30,Premium,West,No
CUST_0855,2023-07-14,2023-08-13,1,20,20,Standard,West,Yes
CUST_0856,2022-11-28,2024-12-31,20,60,1200,Standard,East,No
CUST_0857,2022-05-05,2025-02-18,34,20,680,Premium,West,Yes
CUST_0858,2023-07-29,2024-12-31,16,60,960,Standard,South,No
CUST_0859,2021-06-06,2024-12-31,4,10,40,Standard,South,No
CUST_0860,2022-07-15,2024-04-05,21,10,210,Premium,North,Yes
CUST_0861,2022-04-08,2024-12-31,15,50,750,Standard,South,No
CUST_0862,2023-03-20,2024-12-31,21,50,1050,Premium,South,No
CUST_0863,2021-04-04,2024-12-31,4,30,120,Premium,North,No
CUST_0864,2022-09-27,2024-12-31,22,50,1100,Premium,East,No
CUST_0865,2023-09-06,2024-12-31,34,10,340,Basic,North,No
CUST_0866,2022-08-06,2024-12-31,11,20,220,Standard,South,No
CUST_0867,2022-05-27,2024-12-31,12,50,600,Basic,West,No
CUST_0868,2022-11-12,2023-01-11,2,10,20,Standard,North,Yes
CUST_0869,2023-02-01,2024-12-31,12,50,600,Basic,South,No
CUST_0870,2021-01-03,2024-12-31,36,40,1440,Standard,West,No
CUST_0871,2023-03-10,2024-12-31,12,20,240,Basic,South,No
CUST_0872,2023-07-27,2023-08-26,1,10,10,Premium,North,Yes
CUST_0873,2022-10-25,2024-12-31,23,60,1380,Basic,East,No
CUST_0874,2022-05-26,2024-12-31,18,50,900,Premium,North,No
CUST_0875,2021-10-19,2022-12-13,14,10,140,Standard,West,Yes
CUST_0876,2022-07-30,2022-09-28,2,10,20,Premium,North,Yes
CUST_0877,2022-06-29,2024-12-31,35,20,700,Premium,North,No
CUST_0878,2023-08-21,2024-12-31,1,50,50,Standard,South,No
CUST_0879,2021-01-26,2022-03-22,14,50,700,Standard,South,Yes
CUST_0880,2023-07-15,2024-12-31,27,10,270,Basic,North,No
CUST_0881,2021-06-13,2024-12-31,32,20,640,Standard,East,No
CUST_0882,2021-01-18,2024-12-31,18,20,360,Premium,South,No
CUST_0883,2022-08-28,2023-07-24,11,30,330,Standard,East,Yes
CUST_0884,2022-07-28,2025-07-12,36,50,1800,Basic,West,Yes
CUST_0885,2021-04-18,2024-12-31,17,40,680,Basic,South,No
CUST_0886,2023-08-09,2024-12-31,29,50,1450,Basic,North,No
CUST_0887,2022-11-15,2024-12-31,15,60,900,Standard,West,No
CUST_0888,2022-07-22,2024-12-31,15,30,450,Premium,South,No
CUST_0889,2021-06-06,2024-03-22,34,10,340,Basic,South,Yes
CUST_0890,2022-06-27,2022-11-24,5,40,200,Premium,South,Yes
CUST_0891,2022-10-17,2024-12-31,22,40,880,Standard,West,No
CUST_0892,2023-07-07,2024-12-31,34,20,680,Standard,South,No
CUST_0893,2023-08-06,2024-12-31,30,40,1200,Standard,East,No
CUST_0894,2022-04-23,2024-12-31,21,60,1260,Standard,South,No
CUST_0895,2021-07-28,2024-12-31,7,30,210,Standard,West,No
CUST_0896,2022-09-24,2024-12-31,13,50,650,Premium,West,No
CUST_0897,2021-12-14,2024-12-31,16,60,960,Standard,South,No
CUST_0898,2022-03-11,2024-12-31,24,10,240,Basic,South,No
CUST_0899,2021-01-26,2022-07-20,18,50,900,Premium,East,Yes
CUST_0900,2021-04-30,2022-08-23,16,20,320,Basic,East,Yes
CUST_0901,2023-08-18,2024-12-31,24,60,1440,Standard,North,No
CUST_0902,2021-02-08,2023-09-26,32,50,1600,Basic,South,Yes
CUST_0903,2021-04-03,2024-12-31,26,10,260,Premium,North,No
CUST_0904,2022-05-14,2024-12-31,5,30,150,Premium,West,No
CUST_0905,2021-05-08,2024-12-31,9,40,360,Premium,West,No
CUST_0906,2022-12-14,2024-12-31,18,40,720,Standard,East,No
CUST_0907,2023-07-17,2024-12-31,10,50,500,Standard,West,No
CUST_0908,2021-01-25,2024-12-31,32,50,1600,Basic,West,No
CUST_0909,2021-04-02,2024-12-31,16,40,640,Standard,North,No
CUST_0910,2022-07-06,2024-12-31,31,50,1550,Basic,East,No
CUST_0911,2021-08-02,2024-12-31,12,10,120,Standard,North,No
CUST_0912,2021-08-23,2024-12-31,29,50,1450,Premium,West,No
CUST_0913,2023-03-11,2024-12-31,15,30,450,Standard,South,No
CUST_0914,2023-06-14,2024-12-31,28,40,1120,Premium,West,No
CUST_0915,2022-05-04,2024-12-31,29,10,290,Premium,North,No
CUST_0916,2022-08-04,2024-12-31,3,60,180,Premium,East,No
CUST_0917,2023-03-26,2024-12-31,17,10,170,Premium,East,No
CUST_0918,2022-11-24,2024-12-31,20,10,200,Basic,West,No
CUST_0919,2021-03-10,2024-12-31,31,30,930,Basic,North,No
CUST_0920,2021-03-27,2023-11-12,32,30,960,Standard,West,Yes
CUST_0921,2023-04-29,2024-12-31,30,20,600,Basic,North,No
CUST_0922,2023-03-30,2024-12-31,29,30,870,Premium,North,No
CUST_0923,2022-05-14,2024-12-31,15,30,450,Premium,North,No
CUST_0924,2023-08-15,2024-12-31,23,60,1380,Basic,South,No
CUST_0925,2022-11-18,2024-12-31,10,40,400,Standard,West,No
CUST_0926,2023-06-01,2025-07-20,26,50,1300,Premium,East,Yes
CUST_0927,2021-07-10,2024-12-31,18,50,900,Standard,North,No
CUST_0928,2022-01-04,2024-12-31,3,50,150,Basic,West,No
CUST_0929,2022-07-22,2024-12-31,12,10,120,Standard,East,No
CUST_0930,2021-09-01,2024-12-31,14,40,560,Basic,East,No
CUST_0931,2022-09-12,2023-08-08,11,50,550,Premium,East,Yes
CUST_0932,2023-01-13,2024-12-31,4,60,240,Standard,East,No
CUST_0933,2021-09-24,2024-12-31,11,50,550,Basic,East,No
CUST_0934,2023-08-04,2024-12-31,5,30,150,Standard,West,No
CUST_0935,2021-12-03,2024-12-31,33,30,990,Premium,South,No
CUST_0936,2022-11-01,2024-12-31,14,10,140,Basic,South,No
CUST_0937,2021-04-25,2023-03-16,23,60,1380,Basic,South,Yes
CUST_0938,2021-01-19,2024-12-31,1,30,30,Basic,West,No
CUST_0939,2023-05-06,2025-08-23,28,10,280,Standard,West,Yes
CUST_0940,2023-09-02,2024-12-31,24,10,240,Standard,West,No
CUST_0941,2021-02-25,2024-12-31,27,10,270,Premium,West,No
CUST_0942,2022-03-17,2024-12-31,35,20,700,Premium,West,No
CUST_0943,2021-03-20,2024-12-31,13,50,650,Premium,East,No
CUST_0944,2022-11-09,2024-12-31,20,20,400,Standard,East,No
CUST_0945,2023-05-06,2024-12-31,32,40,1280,Standard,West,No
CUST_0946,2023-09-08,2024-01-06,4,40,160,Basic,West,Yes
CUST_0947,2021-05-13,2021-08-11,3,20,60,Standard,North,Yes
CUST_0948,2021-11-04,2024-12-31,7,40,280,Standard,West,No
CUST_0949,2021-02-09,2024-12-31,36,40,1440,Premium,North,No
CUST_0950,2021-04-13,2024-12-31,9,20,180,Basic,South,No
CUST_0951,2022-09-05,2024-12-31,16,50,800,Premium,West,No
CUST_0952,2022-04-04,2024-12-31,22,10,220,Basic,South,No
CUST_0953,2023-03-16,2024-12-31,25,50,1250,Standard,East,No
CUST_0954,2022-01-13,2024-12-31,21,40,840,Standard,West,No
CUST_0955,2023-04-26,2024-12-31,36,50,1800,Standard,West,No
CUST_0956,2023-03-29,2024-12-31,11,20,220,Basic,North,No
CUST_0957,2022-07-22,2024-12-31,16,20,320,Basic,North,No
CUST_0958,2022-01-30,2023-05-25,16,40,640,Premium,South,Yes
CUST_0959,2021-06-21,2021-10-19,4,60,240,Premium,North,Yes
CUST_0960,2023-07-02,2024-12-31,3,50,150,Standard,West,No
CUST_0961,2022-05-18,2024-01-08,20,40,800,Premium,West,Yes
CUST_0962,2022-03-11,2024-12-31,7,60,420,Standard,North,No
CUST_0963,2023-08-28,2024-12-31,7,10,70,Standard,East,No
CUST_0964,2022-06-14,2024-12-31,11,50,550,Basic,West,No
CUST_0965,2022-06-24,2024-12-31,11,50,550,Premium,East,No
CUST_0966,2023-05-26,2024-12-31,8,40,320,Premium,South,No
CUST_0967,2022-08-04,2024-12-31,12,20,240,Premium,East,No
CUST_0968,2023-01-09,2023-06-08,5,60,300,Premium,West,Yes
CUST_0969,2021-04-02,2024-12-31,30,20,600,Premium,West,No
CUST_0970,2023-09-21,2024-12-31,3,10,30,Standard,North,No
CUST_0971,2023-07-17,2024-12-31,11,10,110,Basic,West,No
CUST_0972,2023-01-24,2024-12-31,13,40,520,Premium,West,No
CUST_0973,2021-07-07,2024-12-31,17,20,340,Basic,West,No
CUST_0974,2022-03-30,2024-12-31,6,50,300,Basic,East,No
CUST_0975,2022-07-11,2024-01-02,18,50,900,Premium,East,Yes
CUST_0976,2021-01-11,2024-12-31,36,20,720,Basic,South,No
CUST_0977,2022-12-04,2024-12-31,4,30,120,Standard,South,No
CUST_0978,2023-02-02,2025-08-20,31,30,930,Premium,West,Yes
CUST_0979,2023-01-29,2024-12-31,16,40,640,Basic,East,No
CUST_0980,2021-01-08,2024-12-31,29,10,290,Premium,West,No
CUST_0981,2022-09-30,2024-12-31,24,10,240,Premium,East,No
CUST_0982,2022-08-19,2024-12-31,20,50,1000,Basic,South,No
CUST_0983,2021-04-29,2021-12-25,8,20,160,Standard,North,Yes
CUST_0984,2023-07-05,2025-03-26,21,60,1260,Standard,North,Yes
CUST_0985,2022-02-10,2024-12-31,32,40,1280,Basic,East,No
CUST_0986,2023-09-17,2024-12-31,7,60,420,Premium,East,No
CUST_0987,2023-07-05,2024-12-31,2,40,80,Basic,East,No
CUST_0988,2023-03-02,2024-12-31,23,30,690,Standard,North,No
CUST_0989,2022-01-16,2024-12-31,30,10,300,Premium,West,No
CUST_0990,2022-05-13,2024-12-31,8,10,80,Basic,North,No
CUST_0991,2022-12-09,2024-12-31,25,10,250,Standard,West,No
CUST_0992,2023-07-15,2024-12-31,9,60,540,Standard,West,No
CUST_0993,2021-11-09,2024-12-31,12,50,600,Standard,East,No
CUST_0994,2021-09-07,2024-12-31,11,40,440,Basic,South,No
CUST_0995,2022-02-01,2024-12-31,6,30,180,Standard,North,No
CUST_0996,2021-12-28,2024-03-17,27,30,810,Standard,West,Yes
CUST_0997,2021-07-30,2024-12-31,17,30,510,Basic,North,No
CUST_0998,2023-07-21,2023-10-19,3,50,150,Basic,North,Yes
CUST_0999,2023-04-29,2024-12-31,4,30,120,Basic,East,No
CUST_1000,2023-05-30,2024-12-31,30,50,1500,Basic,East,No
